"Top 10000 uri.raw",Count,"Top 5 method.raw",Count
"/api/v1/freelancer/5551f31f3e366a000b0011d5/services/5555cc783e366a000b001b59",61,PUT,61
"/api/v1/freelancer/555371023e366a000b0013d5/services/555371ac3e366a000b0013dc",21,PUT,21
"/api/v1/freelancer/554c652f3e366a000b000838/services/554c65573e366a000b00083b",13,PUT,13
"/api/v1/freelancer/555181cf3e366a000b001045/services/555183693e366a000b00104c",13,PUT,13
"/api/v1/freelancer/555af4063e366a000b00223a/services/555afc783e366a000b00226f",11,PUT,11
"/api/v1/freelancer/5554844c3e366a000b001677/services/5554861d3e366a000b00167a",8,PUT,8
"/api/v1/freelancer/555387263e366a000b00147e/services/555387543e366a000b001481",7,PUT,7
"/api/v1/freelancer/555670e43e366a000b001db9/services/555671343e366a000b001dbc",7,PUT,7
"/api/v1/freelancer/555c5f493e366a000b0026b6/services/555c5fa03e366a000b0026b9",7,PUT,7
"/api/v1/freelancer/555deda63e366a000b005f69/services/555df3623e366a000b00838d",7,PUT,7
"/api/v1/freelancer/55434e743e366a000c002b61/services/55434ec33e366a000c002b65",6,PUT,6
"/api/v1/freelancer/553d29fe3d5e61001000074f/services/553d29fe3d5e610010000750",5,PUT,5
"/api/v1/freelancer/555371023e366a000b0013d5/services/555371023e366a000b0013d6",5,PUT,5
"/api/v1/freelancer/555371023e366a000b0013d5/services/555371023e366a000b0013d7",5,PUT,5
"/api/v1/freelancer/555aaeec3e366a000b002195/services/555aafff3e366a000b00219c",5,PUT,5
"/api/v1/freelancer/554b845f3e366a000b0006c2/services/554b845f3e366a000b0006c4",4,PUT,4
"/api/v1/freelancer/554e47563e366a000b000e5d/services/554e47563e366a000b000e5e",4,PUT,4
"/api/v1/freelancer/5559b7043e366a000b00203e/services/5559b7043e366a000b00203f",4,PUT,4
"/api/v1/freelancer/552652199de407591d00a329/services/552652199de407591d00a32c",3,PUT,3
"/api/v1/freelancer/552652c39de407591d00f031/services/552652c39de407591d00f03a",3,PUT,3
"/api/v1/freelancer/55265eee9de4075a5000ad82/services/55265eee9de4075a5000ad83",3,PUT,3
"/api/v1/freelancer/55265eee9de4075a5000ad82/services/55265eee9de4075a5000ad84",3,PUT,3
"/api/v1/freelancer/552667879de4075a50014b43/services/552667879de4075a50014b44",3,PUT,3
"/api/v1/freelancer/553e4ed23e366a000c00003c/services/553e4fe03e366a000c00005a",3,PUT,3
"/api/v1/freelancer/553f76703e366a000c0010c1/services/554e52ab3e366a000b000e6d",3,PUT,3
"/api/v1/freelancer/55432afc3e366a000c002b3c/services/55432afc3e366a000c002b3d",3,PUT,3
"/api/v1/freelancer/5546a9443e366a000c00432c/services/5546a9443e366a000c00432d",3,PUT,3
"/api/v1/freelancer/554710073e366a000c004372/services/554711a63e366a000c004374",3,PUT,3
"/api/v1/freelancer/55487eae3e366a000c00498f/services/55487eae3e366a000c004990",3,PUT,3
"/api/v1/freelancer/554b0a5d3e366a000b0005ea/services/554b0a5d3e366a000b0005eb",3,PUT,3
"/api/v1/freelancer/554ce8f43e366a000b000de6/services/554ce9343e366a000b000de9",3,PUT,3
"/api/v1/freelancer/5550e7e43e366a000b000ff5/services/5550e85e3e366a000b000ff8",3,PUT,3
"/api/v1/freelancer/55525c843e366a000b001238/services/55525ec73e366a000b00123e",3,PUT,3
"/api/v1/freelancer/5554c2953e366a000b00175f/services/5554c2953e366a000b001760",3,PUT,3
"/api/v1/freelancer/555a20ad3e366a000b002159/services/555a20ad3e366a000b00215a",3,PUT,3
"/api/v1/freelancer/555a20ad3e366a000b002159/services/555a20ad3e366a000b00215b",3,PUT,3
"/api/v1/freelancer/555aceb83e366a000b0021f5/services/555aceb83e366a000b0021f6",3,PUT,3
"/api/v1/freelancer/555adb7c3e366a000b00220c/services/555adb7c3e366a000b00220d",3,PUT,3
"/api/v1/freelancer/555bb13d3e366a000b00261b/services/555bb1f03e366a000b00261f",3,PUT,3
"/api/v1/freelancer/555bf7d03e366a000b002638/services/555bf7d03e366a000b002639",3,PUT,3
"/api/v1/freelancer/555c4d3c3e366a000b0026a5/services/555c4e4d3e366a000b0026a8",3,PUT,3
"/api/v1/freelancer/555dfe393e366a000b00b23b/services/555dfe673e366a000b00b28c",3,PUT,3
"/api/v1/freelancer/555e42c23e366a000b00cf87/services/555eff773e366a000900020f",3,PUT,3
"/api/v1/freelancer/552651bd9de407591d007a20/services/552651bd9de407591d007a24",2,PUT,2
"/api/v1/freelancer/552652569de407591d00bbfe/services/554c76523e366a000b000864",2,PUT,2
"/api/v1/freelancer/552652c39de407591d00f031/services/555915bf3e366a000b001fa7",2,PUT,2
"/api/v1/freelancer/552652c49de407591d00f0fa/services/552652c49de407591d00f103",2,PUT,2
"/api/v1/freelancer/552659219de4075a50004ad8/services/552659219de4075a50004ada",2,PUT,2
"/api/v1/freelancer/55265a2a9de4075a500064d8/services/55265a2a9de4075a500064d9",2,PUT,2
"/api/v1/freelancer/55265a979de4075a50006ac9/services/55265a979de4075a50006aca",2,PUT,2
"/api/v1/freelancer/55265a979de4075a50006ac9/services/554b825c3e366a000b0006ba",2,PUT,2
"/api/v1/freelancer/55265d209de4075a50008cc9/services/55265d209de4075a50008cca",2,PUT,2
"/api/v1/freelancer/55265eee9de4075a5000ad82/services/55265eee9de4075a5000ad85",2,PUT,2
"/api/v1/freelancer/55265eee9de4075a5000ad82/services/55573c713e366a000b001e29",2,PUT,2
"/api/v1/freelancer/552662489de4075a5000f536/services/552662489de4075a5000f537",2,PUT,2
"/api/v1/freelancer/552662489de4075a5000f536/services/555081d63e366a000b000f9e",2,PUT,2
"/api/v1/freelancer/552662489de4075a5000f536/services/555082303e366a000b000fa2",2,PUT,2
"/api/v1/freelancer/552663529de4075a500109d1/services/552663529de4075a500109d4",2,PUT,2
"/api/v1/freelancer/552664f09de4075a50012a74/services/5548ce1a3e366a000b0000a3",2,PUT,2
"/api/v1/freelancer/552667669de4075a50014925/services/553f641d3e366a000c0010ad",2,PUT,2
"/api/v1/freelancer/552667879de4075a50014b43/services/552667879de4075a50014b45",2,PUT,2
"/api/v1/freelancer/552690be6942df000b0002ab/services/552692561c7631000a000040",2,PUT,2
"/api/v1/freelancer/553e2e2b3d5e610010000c12/services/553e2e5b3d5e610010000c1e",2,PUT,2
"/api/v1/freelancer/553f4e8e3e366a000c001078/services/553f4e8e3e366a000c001079",2,PUT,2
"/api/v1/freelancer/553fbbb13e366a000c00110c/services/553fbc4d3e366a000c00110f",2,PUT,2
"/api/v1/freelancer/55407af23e366a000c0016b8/services/55407efc3e366a000c0017d4",2,PUT,2
"/api/v1/freelancer/55439d6d3e366a000c002bab/services/5543a1d33e366a000c002bb2",2,PUT,2
"/api/v1/freelancer/5543bcb63e366a000c003481/services/5543c0123e366a000c00348c",2,PUT,2
"/api/v1/freelancer/5543bcb63e366a000c003481/services/5543c0713e366a000c00348e",2,PUT,2
"/api/v1/freelancer/5544e20e3e366a000c003c7d/services/5544e29f3e366a000c003c80",2,PUT,2
"/api/v1/freelancer/5545de503e366a000c00411b/services/5545de503e366a000c00411c",2,PUT,2
"/api/v1/freelancer/55467a103e366a000c004313/services/554a33db3e366a000b0004e5",2,PUT,2
"/api/v1/freelancer/5546a9443e366a000c00432c/services/5546a9443e366a000c00432e",2,PUT,2
"/api/v1/freelancer/5546bf553e366a000c004341/services/5546c0a93e366a000c004344",2,PUT,2
"/api/v1/freelancer/55473e863e366a000c0043a8/services/55473e863e366a000c0043a9",2,PUT,2
"/api/v1/freelancer/55477e803e366a000c0043f6/services/55477f143e366a000c004403",2,PUT,2
"/api/v1/freelancer/554790cd3e366a000c00448a/services/5547913f3e366a000c004491",2,PUT,2
"/api/v1/freelancer/55487bf13e366a000c004946/services/55487bf13e366a000c004949",2,PUT,2
"/api/v1/freelancer/554969613e366a000b0001d2/services/55496bb93e366a000b0001d8",2,PUT,2
"/api/v1/freelancer/554a98653e366a000b000599/services/554a98b43e366a000b00059b",2,PUT,2
"/api/v1/freelancer/554b27ac3e366a000b000614/services/554b28453e366a000b000616",2,PUT,2
"/api/v1/freelancer/554b32613e366a000b00062a/services/554b32613e366a000b00062b",2,PUT,2
"/api/v1/freelancer/554b83013e366a000b0006be/services/554b83013e366a000b0006bf",2,PUT,2
"/api/v1/freelancer/554bafb13e366a000b0007ab/services/554bb12b3e366a000b0007b1",2,PUT,2
"/api/v1/freelancer/554da2f53e366a000b000e1d/services/554da2f53e366a000b000e1e",2,PUT,2
"/api/v1/freelancer/554e83733e366a000b000e97/services/554e83ff3e366a000b000e9a",2,PUT,2
"/api/v1/freelancer/554f4a5a3e366a000b000ee9/services/554f4a5a3e366a000b000eea",2,PUT,2
"/api/v1/freelancer/554f5d1a3e366a000b000ef3/services/554f5d583e366a000b000ef5",2,PUT,2
"/api/v1/freelancer/5550959e3e366a000b000fb7/services/5550959e3e366a000b000fb8",2,PUT,2
"/api/v1/freelancer/5550e9ff3e366a000b000ffc/services/5550ea313e366a000b000fff",2,PUT,2
"/api/v1/freelancer/5551eab13e366a000b0011b9/services/5551ec453e366a000b0011bb",2,PUT,2
"/api/v1/freelancer/5551f31f3e366a000b0011d5/services/5555e7bb3e366a000b001cdf",2,PUT,2
"/api/v1/freelancer/55536e763e366a000b0013c3/services/55536f743e366a000b0013c6",2,PUT,2
"/api/v1/freelancer/55546eb23e366a000b001668/services/555477763e366a000b00166e",2,PUT,2
"/api/v1/freelancer/55555cda3e366a000b001819/services/55555d8b3e366a000b00181c",2,PUT,2
"/api/v1/freelancer/555670e43e366a000b001db9/services/555670e43e366a000b001dba",2,PUT,2
"/api/v1/freelancer/5557319e3e366a000b001e1c/services/5557319e3e366a000b001e1d",2,PUT,2
"/api/v1/freelancer/5557ac683e366a000b001e7c/services/5557ac683e366a000b001e7d",2,PUT,2
"/api/v1/freelancer/555841823e366a000b001ead/services/555841823e366a000b001eae",2,PUT,2
"/api/v1/freelancer/555841823e366a000b001ead/services/555841823e366a000b001eaf",2,PUT,2
"/api/v1/freelancer/555841823e366a000b001ead/services/555841823e366a000b001eb0",2,PUT,2
"/api/v1/freelancer/555841823e366a000b001ead/services/555841823e366a000b001eb6",2,PUT,2
"/api/v1/freelancer/555962733e366a000b001fc3/services/555962733e366a000b001fc4",2,PUT,2
"/api/v1/freelancer/555aaeec3e366a000b002195/services/555aaeec3e366a000b002196",2,PUT,2
"/api/v1/freelancer/555ac6ab3e366a000b0021ef/services/555ac6ab3e366a000b0021f0",2,PUT,2
"/api/v1/freelancer/555bf02c3e366a000b002633/services/555c4b1b3e366a000b00269d",2,PUT,2
"/api/v1/freelancer/555c06fb3e366a000b002646/services/555c06fb3e366a000b002647",2,PUT,2
"/api/v1/freelancer/555c06fb3e366a000b002646/services/555c06fb3e366a000b002648",2,PUT,2
"/api/v1/freelancer/555c06fb3e366a000b002646/services/555c084e3e366a000b00264f",2,PUT,2
"/api/v1/freelancer/555c5f493e366a000b0026b6/services/555c5f493e366a000b0026b7",2,PUT,2
"/api/v1/freelancer/555c8d653e366a000b00276e/services/555c8dcc3e366a000b00277f",2,PUT,2
"/api/v1/freelancer/555deda63e366a000b005f69/services/555deda63e366a000b005f6b",2,PUT,2
"/api/v1/freelancer/5526513a9de407591d003f25/services/5526513a9de407591d003f26",1,PUT,1
"/api/v1/freelancer/5526513a9de407591d003f25/services/5526513a9de407591d003f27",1,PUT,1
"/api/v1/freelancer/5526513a9de407591d003f25/services/5526513a9de407591d003f28",1,PUT,1
"/api/v1/freelancer/552651bb9de407591d007912/services/552651bb9de407591d007919",1,PUT,1
"/api/v1/freelancer/552652569de407591d00bbfe/services/552652569de407591d00bbff",1,PUT,1
"/api/v1/freelancer/552652a79de407591d00e097/services/555313a93e366a000b0012b9",1,PUT,1
"/api/v1/freelancer/552652a79de407591d00e097/services/555314063e366a000b0012ba",1,PUT,1
"/api/v1/freelancer/552652b69de407591d00e979/services/553d0ef73d5e61001000073f",1,PUT,1
"/api/v1/freelancer/552657839de4075a500020d3/services/552657839de4075a500020d4",1,PUT,1
"/api/v1/freelancer/552657f29de4075a50002b29/services/552657f29de4075a50002b2a",1,PUT,1
"/api/v1/freelancer/5526586b9de4075a50003852/services/5526586b9de4075a50003853",1,PUT,1
"/api/v1/freelancer/552659219de4075a50004ad8/services/552659219de4075a50004ad9",1,PUT,1
"/api/v1/freelancer/552659219de4075a50004ad8/services/552659219de4075a50004adb",1,PUT,1
"/api/v1/freelancer/5526594c9de4075a50004f30/services/5526594c9de4075a50004f31",1,PUT,1
"/api/v1/freelancer/5526594c9de4075a50004f30/services/555758c73e366a000b001e3f",1,PUT,1
"/api/v1/freelancer/55265c409de4075a50008068/services/55265c409de4075a50008069",1,PUT,1
"/api/v1/freelancer/55265caf9de4075a500086ad/services/55265caf9de4075a500086ae",1,PUT,1
"/api/v1/freelancer/55265d6d9de4075a50009084/services/55479ac73e366a000c0044a8",1,PUT,1
"/api/v1/freelancer/55265ed39de4075a5000a9b5/services/55265ed39de4075a5000a9b6",1,PUT,1
"/api/v1/freelancer/55265ed39de4075a5000a9b5/services/55265ed39de4075a5000a9b7",1,PUT,1
"/api/v1/freelancer/55265fc69de4075a5000bf1a/services/55265fc69de4075a5000bf1b",1,PUT,1
"/api/v1/freelancer/552661c69de4075a5000eb43/services/552661c69de4075a5000eb44",1,PUT,1
"/api/v1/freelancer/552661c69de4075a5000eb43/services/552661c69de4075a5000eb45",1,PUT,1
"/api/v1/freelancer/552662149de4075a5000f0f5/services/552662149de4075a5000f0f6",1,PUT,1
"/api/v1/freelancer/552662149de4075a5000f0f5/services/55356f48e89901000e001d92",1,PUT,1
"/api/v1/freelancer/552662489de4075a5000f536/services/5550820c3e366a000b000fa0",1,PUT,1
"/api/v1/freelancer/5526624c9de4075a5000f571/services/5526624c9de4075a5000f572",1,PUT,1
"/api/v1/freelancer/5526624c9de4075a5000f571/services/5526624c9de4075a5000f573",1,PUT,1
"/api/v1/freelancer/552662ba9de4075a5000fe19/services/552662ba9de4075a5000fe1a",1,PUT,1
"/api/v1/freelancer/552664a69de4075a500126c3/services/552664a69de4075a500126c4",1,PUT,1
"/api/v1/freelancer/552664f09de4075a50012a74/services/552664f09de4075a50012a75",1,PUT,1
"/api/v1/freelancer/552665819de4075a5001320f/services/552665819de4075a50013210",1,PUT,1
"/api/v1/freelancer/552665889de4075a5001327e/services/552665889de4075a5001327f",1,PUT,1
"/api/v1/freelancer/552665a89de4075a50013414/services/552665a89de4075a50013415",1,PUT,1
"/api/v1/freelancer/552667669de4075a50014925/services/552667669de4075a50014926",1,PUT,1
"/api/v1/freelancer/552667669de4075a50014925/services/553f64663e366a000c0010af",1,PUT,1
"/api/v1/freelancer/552667879de4075a50014b43/services/554b8d603e366a000b000766",1,PUT,1
"/api/v1/freelancer/552667f59de4075a500154fe/services/552667f59de4075a500154ff",1,PUT,1
"/api/v1/freelancer/552667f59de4075a500154fe/services/552667f59de4075a50015500",1,PUT,1
"/api/v1/freelancer/552668859de4075a50016279/services/552668859de4075a5001627a",1,PUT,1
"/api/v1/freelancer/552669659de4075a5001737a/services/552669659de4075a5001737b",1,PUT,1
"/api/v1/freelancer/55266fe7b797c90011000003/services/552695331c7631000a000072",1,PUT,1
"/api/v1/freelancer/55266fe7b797c90011000003/services/5554b7df3e366a000b00175a",1,PUT,1
"/api/v1/freelancer/55267fac6942df000b0000a7/services/5548e35a3e366a000b000140",1,PUT,1
"/api/v1/freelancer/552e45fee89901000e000a79/services/552e45fee89901000e000a7a",1,PUT,1
"/api/v1/freelancer/553c59333d5e6100100006d3/services/553c5b233d5e6100100006d7",1,PUT,1
"/api/v1/freelancer/553cc4083d5e610010000700/services/553cc4083d5e610010000701",1,PUT,1
"/api/v1/freelancer/553cf8ff3d5e610010000731/services/553cfa393d5e610010000739",1,PUT,1
"/api/v1/freelancer/553cf8ff3d5e610010000731/services/553cfab83d5e61001000073a",1,PUT,1
"/api/v1/freelancer/553d97e43d5e6100100007b9/services/553d995c3d5e6100100007bd",1,PUT,1
"/api/v1/freelancer/553dd3183d5e61001000095a/services/553dd3183d5e61001000095b",1,PUT,1
"/api/v1/freelancer/553e2edb18dffa000b000036/services/553e2f4218dffa000b000064",1,PUT,1
"/api/v1/freelancer/553e47803e366a000c000027/services/553e47803e366a000c000028",1,PUT,1
"/api/v1/freelancer/553e48513e366a000c00002a/services/553e48513e366a000c00002b",1,PUT,1
"/api/v1/freelancer/553e4ed23e366a000c00003c/services/553e4ed23e366a000c00003d",1,PUT,1
"/api/v1/freelancer/553e57993e366a000c000062/services/553e57993e366a000c000063",1,PUT,1
"/api/v1/freelancer/553e57993e366a000c000062/services/553e57993e366a000c000069",1,PUT,1
"/api/v1/freelancer/553e59513e366a000c00006e/services/553e5a0d3e366a000c000070",1,PUT,1
"/api/v1/freelancer/553e67713e366a000c00007e/services/553e67713e366a000c00007f",1,PUT,1
"/api/v1/freelancer/553e69873e366a000c000087/services/553e69873e366a000c000088",1,PUT,1
"/api/v1/freelancer/553e93b83e366a000c0009cd/services/553e93b83e366a000c0009ce",1,PUT,1
"/api/v1/freelancer/553e93b83e366a000c0009cd/services/553e93b83e366a000c0009cf",1,PUT,1
"/api/v1/freelancer/553e93b83e366a000c0009cd/services/553e93b83e366a000c0009d0",1,PUT,1
"/api/v1/freelancer/553e93b83e366a000c0009cd/services/553e93b83e366a000c0009d1",1,PUT,1
"/api/v1/freelancer/553f12a83e366a000c000eda/services/553f12a83e366a000c000edb",1,PUT,1
"/api/v1/freelancer/553f21873e366a000c000fcc/services/553f21d73e366a000c000fcf",1,PUT,1
"/api/v1/freelancer/553fb9bc3e366a000c001105/services/553fb9f73e366a000c001108",1,PUT,1
"/api/v1/freelancer/553fbbb13e366a000c00110c/services/554040b33e366a000c001170",1,PUT,1
"/api/v1/freelancer/5540b6903e366a000c001fb9/services/5540b6fd3e366a000c001fbe",1,PUT,1
"/api/v1/freelancer/55420aff3e366a000c002a10/services/55420c753e366a000c002a14",1,PUT,1
"/api/v1/freelancer/5542673c3e366a000c002ad6/services/5542685f3e366a000c002adb",1,PUT,1
"/api/v1/freelancer/5542673c3e366a000c002ad6/services/554268a73e366a000c002adc",1,PUT,1
"/api/v1/freelancer/554274b33e366a000c002af1/services/554274b33e366a000c002af2",1,PUT,1
"/api/v1/freelancer/554274b33e366a000c002af1/services/554274b33e366a000c002af3",1,PUT,1
"/api/v1/freelancer/554287613e366a000c002b08/services/554287613e366a000c002b09",1,PUT,1
"/api/v1/freelancer/55434e743e366a000c002b61/services/55434f153e366a000c002b6a",1,PUT,1
"/api/v1/freelancer/5543832e3e366a000c002b82/services/5543832e3e366a000c002b84",1,PUT,1
"/api/v1/freelancer/5543832e3e366a000c002b82/services/5543d3573e366a000c00349b",1,PUT,1
"/api/v1/freelancer/55439a2c3e366a000c002ba2/services/55439a2c3e366a000c002ba4",1,PUT,1
"/api/v1/freelancer/554457ed3e366a000c0034dc/services/554457ed3e366a000c0034dd",1,PUT,1
"/api/v1/freelancer/55445fed3e366a000c0034e1/services/55445fed3e366a000c0034e2",1,PUT,1
"/api/v1/freelancer/5544a5b03e366a000c0034f7/services/5544a79f3e366a000c0034fa",1,PUT,1
"/api/v1/freelancer/5544d8fa3e366a000c003c79/services/5544d8fa3e366a000c003c7a",1,PUT,1
"/api/v1/freelancer/5545e4ab3e366a000c004125/services/5545e5ad3e366a000c00412a",1,PUT,1
"/api/v1/freelancer/554602de3e366a000c0041b4/services/554602de3e366a000c0041b5",1,PUT,1
"/api/v1/freelancer/55460fd03e366a000c00424e/services/55460fd03e366a000c00424f",1,PUT,1
"/api/v1/freelancer/554633913e366a000c004279/services/554633913e366a000c00427a",1,PUT,1
"/api/v1/freelancer/5546404a3e366a000c00428c/services/5546404a3e366a000c00428d",1,PUT,1
"/api/v1/freelancer/5546b7763e366a000c00433d/services/5546b7763e366a000c00433e",1,PUT,1
"/api/v1/freelancer/55473e863e366a000c0043a8/services/55473ea83e366a000c0043ab",1,PUT,1
"/api/v1/freelancer/55473e863e366a000c0043a8/services/55473f3f3e366a000c0043ae",1,PUT,1
"/api/v1/freelancer/554763583e366a000c0043c3/services/5547640d3e366a000c0043c6",1,PUT,1
"/api/v1/freelancer/5547650a3e366a000c0043c8/services/554767923e366a000c0043d2",1,PUT,1
"/api/v1/freelancer/55477e803e366a000c0043f6/services/55477eaf3e366a000c0043fd",1,PUT,1
"/api/v1/freelancer/55477e803e366a000c0043f6/services/55477ec83e366a000c0043fe",1,PUT,1
"/api/v1/freelancer/55477e803e366a000c0043f6/services/55477fab3e366a000c004409",1,PUT,1
"/api/v1/freelancer/554790cd3e366a000c00448a/services/554790cd3e366a000c00448b",1,PUT,1
"/api/v1/freelancer/5547a9a83e366a000c0044cc/services/5547a9a83e366a000c0044cd",1,PUT,1
"/api/v1/freelancer/5547a9a83e366a000c0044cc/services/5547a9a83e366a000c0044ce",1,PUT,1
"/api/v1/freelancer/5547a9a83e366a000c0044cc/services/5547a9a83e366a000c0044cf",1,PUT,1
"/api/v1/freelancer/5547a9a83e366a000c0044cc/services/5547a9a83e366a000c0044d0",1,PUT,1
"/api/v1/freelancer/5547e84a3e366a000c004580/services/5547ec6b3e366a000c004584",1,PUT,1
"/api/v1/freelancer/5547e84a3e366a000c004580/services/5547ed3d3e366a000c004586",1,PUT,1
"/api/v1/freelancer/554825ad3e366a000c004591/services/554825ad3e366a000c004592",1,PUT,1
"/api/v1/freelancer/55486bd33e366a000c004772/services/55486bd33e366a000c004773",1,PUT,1
"/api/v1/freelancer/55486d573e366a000c004776/services/55486d8a3e366a000c004778",1,PUT,1
"/api/v1/freelancer/55487b923e366a000c004942/services/55487b923e366a000c004943",1,PUT,1
"/api/v1/freelancer/55487bf13e366a000c004946/services/55487bf13e366a000c004947",1,PUT,1
"/api/v1/freelancer/55487bf13e366a000c004946/services/55487bf13e366a000c004948",1,PUT,1
"/api/v1/freelancer/55487bf13e366a000c004946/services/55487bf13e366a000c00494a",1,PUT,1
"/api/v1/freelancer/5548c4263e366a000b000053/services/5548c4263e366a000b000054",1,PUT,1
"/api/v1/freelancer/5548f61d3e366a000b000159/services/5548f61d3e366a000b00015a",1,PUT,1
"/api/v1/freelancer/554907f63e366a000b00017c/services/554907f63e366a000b00017d",1,PUT,1
"/api/v1/freelancer/554969613e366a000b0001d2/services/55496afa3e366a000b0001d7",1,PUT,1
"/api/v1/freelancer/554993593e366a000b0001e9/services/554994403e366a000b0001eb",1,PUT,1
"/api/v1/freelancer/5549a7e93e366a000b0002bf/services/5549a7e93e366a000b0002c0",1,PUT,1
"/api/v1/freelancer/5549a9453e366a000b0002cb/services/5549aa0b3e366a000b0002d1",1,PUT,1
"/api/v1/freelancer/554a36323e366a000b0004ee/services/554a38203e366a000b000501",1,PUT,1
"/api/v1/freelancer/554a37b63e366a000b0004fb/services/554a37b63e366a000b0004fc",1,PUT,1
"/api/v1/freelancer/554a37b63e366a000b0004fb/services/555121dc3e366a000b001028",1,PUT,1
"/api/v1/freelancer/554a6e4c3e366a000b00055e/services/554a778b3e366a000b000569",1,PUT,1
"/api/v1/freelancer/554a89b43e366a000b000576/services/554a8a493e366a000b00057b",1,PUT,1
"/api/v1/freelancer/554a8fa73e366a000b000589/services/554a91063e366a000b00058b",1,PUT,1
"/api/v1/freelancer/554a8fa73e366a000b000589/services/554a916b3e366a000b00058c",1,PUT,1
"/api/v1/freelancer/554afcb53e366a000b0005c7/services/554afe313e366a000b0005cc",1,PUT,1
"/api/v1/freelancer/554b0b743e366a000b0005ee/services/554b0ba23e366a000b0005f1",1,PUT,1
"/api/v1/freelancer/554b4cf03e366a000b00065f/services/554b4cf03e366a000b000660",1,PUT,1
"/api/v1/freelancer/554b845f3e366a000b0006c2/services/554b845f3e366a000b0006c3",1,PUT,1
"/api/v1/freelancer/554b845f3e366a000b0006c2/services/5553ef9b3e366a000b001503",1,PUT,1
"/api/v1/freelancer/554b8c8a3e366a000b00075a/services/554b8d983e366a000b000768",1,PUT,1
"/api/v1/freelancer/554b926c3e366a000b000776/services/554b926c3e366a000b000777",1,PUT,1
"/api/v1/freelancer/554b9e0f3e366a000b000792/services/554b9e0f3e366a000b000793",1,PUT,1
"/api/v1/freelancer/554c652f3e366a000b000838/services/554c652f3e366a000b000839",1,PUT,1
"/api/v1/freelancer/554c92e13e366a000b0009d7/services/554c92e13e366a000b0009d8",1,PUT,1
"/api/v1/freelancer/554c92e13e366a000b0009d7/services/554c92e13e366a000b0009d9",1,PUT,1
"/api/v1/freelancer/554c9bb13e366a000b000a98/services/554c9c153e366a000b000aa2",1,PUT,1
"/api/v1/freelancer/554cea083e366a000b000df1/services/554cea083e366a000b000df2",1,PUT,1
"/api/v1/freelancer/554d22de3e366a000b000e0c/services/554d22de3e366a000b000e0d",1,PUT,1
"/api/v1/freelancer/554e15b53e366a000b000e46/services/554e15b53e366a000b000e47",1,PUT,1
"/api/v1/freelancer/554e1eb33e366a000b000e4c/services/554e1eb33e366a000b000e4d",1,PUT,1
"/api/v1/freelancer/554e47563e366a000b000e5d/services/554e47993e366a000b000e63",1,PUT,1
"/api/v1/freelancer/554e69443e366a000b000e80/services/554e69443e366a000b000e81",1,PUT,1
"/api/v1/freelancer/554f1e853e366a000b000ecb/services/554f1fd33e366a000b000ece",1,PUT,1
"/api/v1/freelancer/554f7dd83e366a000b000f14/services/554f7e8a3e366a000b000f18",1,PUT,1
"/api/v1/freelancer/554face03e366a000b000f31/services/554fad2a3e366a000b000f35",1,PUT,1
"/api/v1/freelancer/554fbb3a3e366a000b000f44/services/554fbc1f3e366a000b000f4a",1,PUT,1
"/api/v1/freelancer/55506d353e366a000b000f8a/services/55506d353e366a000b000f8b",1,PUT,1
"/api/v1/freelancer/5550a8543e366a000b000fca/services/5550a9183e366a000b000fcf",1,PUT,1
"/api/v1/freelancer/5550cec63e366a000b000fe8/services/5550cec63e366a000b000fe9",1,PUT,1
"/api/v1/freelancer/5551cf613e366a000b00115d/services/5551cfdb3e366a000b00115f",1,PUT,1
"/api/v1/freelancer/5551f31f3e366a000b0011d5/services/555472da3e366a000b00166a",1,PUT,1
"/api/v1/freelancer/55523b293e366a000b00121c/services/55523b8d3e366a000b001220",1,PUT,1
"/api/v1/freelancer/555240c63e366a000b001223/services/555240f33e366a000b001226",1,PUT,1
"/api/v1/freelancer/555281143e366a000b00124a/services/555281733e366a000b00124c",1,PUT,1
"/api/v1/freelancer/55533d593e366a000b001361/services/55533e623e366a000b001368",1,PUT,1
"/api/v1/freelancer/55534ef13e366a000b001385/services/555350373e366a000b001388",1,PUT,1
"/api/v1/freelancer/55534ef13e366a000b001385/services/555350b83e366a000b00138a",1,PUT,1
"/api/v1/freelancer/55536e763e366a000b0013c3/services/5553708f3e366a000b0013d0",1,PUT,1
"/api/v1/freelancer/5554109b3e366a000b00150e/services/5554109b3e366a000b00150f",1,PUT,1
"/api/v1/freelancer/5554844c3e366a000b001677/services/5554844c3e366a000b001678",1,PUT,1
"/api/v1/freelancer/5554c2953e366a000b00175f/services/5554c2953e366a000b001761",1,PUT,1
"/api/v1/freelancer/55555cda3e366a000b001819/services/55555cda3e366a000b00181a",1,PUT,1
"/api/v1/freelancer/5555e4953e366a000b001c93/services/5555e56d3e366a000b001ca5",1,PUT,1
"/api/v1/freelancer/555622923e366a000b001d77/services/555622923e366a000b001d78",1,PUT,1
"/api/v1/freelancer/55563bd63e366a000b001d99/services/55563d9b3e366a000b001d9b",1,PUT,1
"/api/v1/freelancer/5556ef2f3e366a000b001dea/services/5556ef2f3e366a000b001deb",1,PUT,1
"/api/v1/freelancer/5556f6fa3e366a000b001df0/services/5556f7963e366a000b001df2",1,PUT,1
"/api/v1/freelancer/5557a45d3e366a000b001e77/services/5557a4d03e366a000b001e79",1,PUT,1
"/api/v1/freelancer/555841823e366a000b001ead/services/555841823e366a000b001eb2",1,PUT,1
"/api/v1/freelancer/555841823e366a000b001ead/services/555841823e366a000b001eb3",1,PUT,1
"/api/v1/freelancer/555841823e366a000b001ead/services/555841823e366a000b001eb4",1,PUT,1
"/api/v1/freelancer/555841823e366a000b001ead/services/555841823e366a000b001eb5",1,PUT,1
"/api/v1/freelancer/555841823e366a000b001ead/services/555841823e366a000b001eb7",1,PUT,1
"/api/v1/freelancer/55586e7b3e366a000b001ed5/services/55586e7b3e366a000b001ed6",1,PUT,1
"/api/v1/freelancer/55586f893e366a000b001ed9/services/55586f893e366a000b001eda",1,PUT,1
"/api/v1/freelancer/555885273e366a000b001eec/services/5558866b3e366a000b001ef5",1,PUT,1
"/api/v1/freelancer/555885273e366a000b001eec/services/5558b3c43e366a000b001f7d",1,PUT,1
"/api/v1/freelancer/55588e8c3e366a000b001f00/services/55588f503e366a000b001f02",1,PUT,1
"/api/v1/freelancer/55599d4f3e366a000b001ffa/services/55599d4f3e366a000b001ffb",1,PUT,1
"/api/v1/freelancer/5559a3b03e366a000b002017/services/5559a4513e366a000b00201e",1,PUT,1
"/api/v1/freelancer/5559c9f23e366a000b0020e2/services/5559c9f23e366a000b0020e3",1,PUT,1
"/api/v1/freelancer/5559d5d73e366a000b0020eb/services/5559d5d73e366a000b0020ec",1,PUT,1
"/api/v1/freelancer/5559e7f83e366a000b00210c/services/5559e8683e366a000b00210f",1,PUT,1
"/api/v1/freelancer/5559e7f83e366a000b00210c/services/5559e8853e366a000b002110",1,PUT,1
"/api/v1/freelancer/555aaeec3e366a000b002195/services/555aafc23e366a000b00219b",1,PUT,1
"/api/v1/freelancer/555aaeec3e366a000b002195/services/555ad9373e366a000b00220a",1,PUT,1
"/api/v1/freelancer/555aecf33e366a000b00221f/services/555aecf33e366a000b002220",1,PUT,1
"/api/v1/freelancer/555aecf33e366a000b00221f/services/555aecf33e366a000b002221",1,PUT,1
"/api/v1/freelancer/555aecf33e366a000b00221f/services/555aed563e366a000b002225",1,PUT,1
"/api/v1/freelancer/555b74853e366a000b0025cf/services/555b74853e366a000b0025d0",1,PUT,1
"/api/v1/freelancer/555b90cc3e366a000b0025fa/services/555b90cc3e366a000b0025fb",1,PUT,1
"/api/v1/freelancer/555bb13d3e366a000b00261b/services/555bb1ae3e366a000b00261e",1,PUT,1
"/api/v1/freelancer/555c06fb3e366a000b002646/services/555c08b83e366a000b002652",1,PUT,1
"/api/v1/freelancer/555c06fb3e366a000b002646/services/555c08f53e366a000b002654",1,PUT,1
"/api/v1/freelancer/555c4d3c3e366a000b0026a5/services/555c4ee33e366a000b0026ad",1,PUT,1
"/api/v1/freelancer/555c4d3c3e366a000b0026a5/services/555c4f683e366a000b0026b0",1,PUT,1
"/api/v1/freelancer/555c4d3c3e366a000b0026a5/services/555c4fae3e366a000b0026b3",1,PUT,1
"/api/v1/freelancer/555c83353e366a000b0026fd/services/555c83de3e366a000b002700",1,PUT,1
"/api/v1/freelancer/555cabb93e366a000b002837/services/555cac213e366a000b00283a",1,PUT,1
"/api/v1/freelancer/555cc1403e366a000b00288d/services/555cc1403e366a000b00288e",1,PUT,1
"/api/v1/freelancer/555ce8043e366a000b0028e4/services/555ce8dd3e366a000b0028ec",1,PUT,1
"/api/v1/freelancer/555cebf93e366a000b0028ee/services/555cebf93e366a000b0028ef",1,PUT,1
"/api/v1/freelancer/555cebf93e366a000b0028ee/services/555cec1d3e366a000b0028f1",1,PUT,1
"/api/v1/freelancer/555cfe733e366a000b00291f/services/555cfe733e366a000b002920",1,PUT,1
"/api/v1/freelancer/555d6ba03e366a000b002ab6/services/555d6ba03e366a000b002ab7",1,PUT,1
"/api/v1/freelancer/555d7d613e366a000b002b03/services/555d9cbe3e366a000b002b52",1,PUT,1
"/api/v1/freelancer/555d7d613e366a000b002b03/services/555d9e8d3e366a000b002bde",1,PUT,1
"/api/v1/freelancer/555d89fd3e366a000b002b1a/services/555d89fd3e366a000b002b1b",1,PUT,1
"/api/v1/freelancer/555da2553e366a000b002bf6/services/555da28a3e366a000b002bf9",1,PUT,1
"/api/v1/freelancer/555dde043e366a000b002f99/services/555dde043e366a000b002f9a",1,PUT,1
"/api/v1/freelancer/555dde043e366a000b002f99/services/555dde043e366a000b002f9b",1,PUT,1
"/api/v1/freelancer/555dde043e366a000b002f99/services/555dde043e366a000b002f9c",1,PUT,1
"/api/v1/freelancer/555dde043e366a000b002f99/services/555dde473e366a000b002f9e",1,PUT,1
"/api/v1/freelancer/555f3ba83e366a0009000277/services/555f3bea3e366a000900027c",1,PUT,1
